{
    "loss": 0.7599515318870544,
    "accuracy": 0.7651262879371643
}