{
    "loss": 0.7395277619361877,
    "accuracy": 0.7580246925354004
}