{
    "loss": 0.7841026186943054,
    "accuracy": 0.746666669845581
}